{
  "iterations": 5,
  "response_times_ms": [
    2980.5426597595215,
    2196.666717529297,
    1943.7322616577148,
    916.4676666259766,
    956.7737579345703
  ],
  "average_ms": 1798.836612701416,
  "minimum_ms": 916.4676666259766,
  "maximum_ms": 2980.5426597595215,
  "function_name": "CloudFlare-Wrapper"
}